Id,FirstName,LastName
001fio000001lXxAAI,,
001fio000001lXyAAI,,
001fio000001lXzAAI,,
001fio000001lY0AAI,Abhinav,Sinha
001fio000001lY1AAI,Pat,Morita
001fio000001lY2AAI,Peter,Neale
001fio000001lY3AAI,Thomas,Dorsch
001fio000001lY4AAI,Virendra,Bisla
001fio000001lY5AAI,Mary,Malloy
001fio000001lY6AAI,Myra,Oswald
001fio000001lY7AAI,Mangala,Yeturu
001fio000001lY8AAI,Ashok,Kumar
001fio000001lY9AAI,Valerie,Flacco
001fio000001lYAAAY,Surendra,Shah
001fio000001lYBAAY,Sunita,Midha
001fio000001lYCAAY,Pavinder,Gill
001fio000001lYDAAY,Rachel,Shell
001fio000001lYEAAY,Shubi Shahida,Shahida
001fio000001lYFAAY,Shreyas,Desai
001fio000001lYGAAY,Sheela,Reddy
001fio000001lYHAAY,Maria,Ignacia
001fio000001lYIAAY,Stanley,Bertman
001fio000001lYJAAY,Sarah,Verma
001fio000001lYKAAY,Kamee,Lim
001fio000001lYLAAY,Adam,Smith
001fio000001lYMAAY,,
001fio000001lYNAAY,Chief,Clinical Department
001fio000001lYOAAY,"Medical Director,",Pathology
001fio000001lYPAAY,Health Information Mgmt,Specialist
001fio000001lYQAAY,Mahesh,Shah
001fio000001lZwAAI,Aaron,Morita
001fio000001lZxAAI,Brenda,Brown
001fio000001lZyAAI,Cameron,Foster
001fio000001lZzAAI,Carlos,Garcia
001fio000001la0AAA,Diana,Kennedy
001fio000001la1AAA,Ethan,Edwards
001fio000001la2AAA,Fiona,Irving
001fio000001la3AAA,Hannah,Foster
001fio000001la4AAA,Ian,Hughes
001fio000001la5AAA,Jo√£o,Silva
001fio000001la6AAA,Julia,Foster
001fio000001la7AAA,Kevin,Edwards
001fio000001la8AAA,Kevin,Johnson
001fio000001la9AAA,Laura,Anderson
001fio000001laAAAQ,Laura,Miller
001fio000001laBAAQ,Liam,Martin
001fio000001laCAAQ,Lydia,Jones
001fio000001laDAAQ,Marjorie,Jones
001fio000001laEAAQ,Max,M√ºller
001fio000001laFAAQ,Michael,Griffin
001fio000001laGAAQ,Nicolas,Villard
001fio000001laHAAQ,Pascal,Zola
001fio000001laIAAQ,Rene,Wagner
001fio000001laJAAQ,Sylvie,Wagner
001fio000001laKAAQ,Ulysse,Obert
001fio000001laLAAQ,Urs,Keller
001fio000001laMAAQ,Valerie,Navarro
001fio000001laNAAQ,Valerie,Poirier
001fio000001laOAAQ,Valerie,Quentin
001fio000001laPAAQ,William,Smith
001fio000001laQAAQ,Xavier,Trenet
001fio000001lawAAA,,
001fio000001laxAAA,,
001fio000001layAAA,,
001fio000001lazAAA,,
001fio000001lb0AAA,,
001fio000001lb1AAA,,
001fio000001lb2AAA,,
001fio000001lb3AAA,,
001fio000001lb4AAA,,
001fio000001lb5AAA,,
001fio000001lbkAAA,,
001fio000001lblAAA,,
001fio000001lbmAAA,,
001fio000001lbnAAA,,
001fio000001lboAAA,,
001fio000001lbpAAA,,
001fio000001lbqAAA,,
001fio000001lbrAAA,,
001fio000001lbsAAA,,
001fio000001lbtAAA,,
